{
    "DNDConfig": null,
    "_enabled_": false,
    "_margin_": [
        0,
        0,
        0,
        0
    ],
    "_orientation_": 1,
    "_padding_": [
        1,
        1,
        1,
        1
    ],
    "_percent_": true,
    "_position_": 3,
    "_resize_": true,
    "_skin_": "s8993a99813d4f1885ef8d1b35935d2b",
    "allboxes": [],
    "android": {
        "@class": "com.kony.gen.viz.model.container.property.hbox.AndroidHBoxProperty",
        "_position_": 3,
        "position": 3,
        "render": false
    },
    "borderCollapse": false,
    "canUpdateUI": true,
    "children": [
        "lblInfo"
    ],
    "containerweight": 100,
    "id": "hbxHedaer",
    "info": null,
    "iphone": {
        "@class": "com.kony.gen.viz.model.container.property.hbox.IPhoneHBoxProperty",
        "_margin_": [
            1,
            1,
            1,
            1
        ],
        "_position_": 3,
        "margin": [
            1,
            1,
            1,
            1
        ],
        "marginInPixel": true,
        "position": 3,
        "render": false
    },
    "isvisible": true,
    "kuid": "p2kwiet341880914111",
    "layoutalignment": 3,
    "margininpixel": false,
    "name": "kony.ui.Box",
    "paddinginpixel": false,
    "parent": "frmHome",
    "pf": "frmHome",
    "spa": {
        "@class": "com.kony.gen.viz.model.container.property.hbox.SPAHBoxProperty"
    },
    "spaan": {
        "@class": "com.kony.gen.viz.model.container.property.hbox.SPAAndroidHBoxProperty",
        "render": true
    },
    "spabb": {
        "@class": "com.kony.gen.viz.model.container.property.hbox.SPABBHBoxProperty",
        "render": true
    },
    "spaip": {
        "@class": "com.kony.gen.viz.model.container.property.hbox.SPAIPhoneHBoxProperty",
        "render": true
    },
    "spawinphone8": {
        "@class": "com.kony.gen.viz.model.container.property.hbox.SPAWinPhone8HBoxProperty",
        "render": true
    },
    "templateType": "forms",
    "wType": "HBox",
    "widgetalignment": 1,
    "winphone8": {
        "@class": "com.kony.gen.viz.model.container.property.hbox.WinPhone8HBoxProperty",
        "_margin_": [
            0,
            0,
            0,
            0
        ],
        "_position_": 3,
        "margin": [
            0,
            0,
            0,
            0
        ],
        "marginInPixel": true,
        "position": 3,
        "psp": {
            "enableCache": false
        },
        "render": true
    }
}