{
    "DNDConfig": null,
    "_enabled_": false,
    "_margin_": [
        25,
        6,
        25,
        2
    ],
    "_padding_": [
        0,
        3,
        0,
        3
    ],
    "_skin_": "s22dcac88dea4739b4f7617c384d4567",
    "_text_": "Continue",
    "android": {
        "@class": "com.kony.gen.viz.model.component.property.button.AndroidButtonProperty",
        "displayText": true,
        "render": true
    },
    "canUpdateUI": true,
    "containerweight": 100,
    "contentalignment": 5,
    "displaytext": true,
    "focusskin": "s545984462c74a81a6d5e04a5a55f785",
    "hexpand": true,
    "id": "btnContinue",
    "ide_onClick": "p2kwiet341880914146_btnContinue_onClick_seq0",
    "info": null,
    "ipad": {
        "@class": "com.kony.gen.viz.model.component.property.button.IPadButtonProperty",
        "displayText": true,
        "psp": {
            "glowEffect": false
        },
        "render": true
    },
    "isvisible": true,
    "kuid": "p2kwiet341880914136",
    "margininpixel": false,
    "name": "kony.ui.Button",
    "onclick": "p2kwiet341880914146_btnContinue_onClick_seq0",
    "paddinginpixel": false,
    "parent": "frmHome",
    "pf": "frmHome",
    "spa": {
        "@class": "com.kony.gen.viz.model.component.property.button.SPAButtonProperty",
        "displayText": true
    },
    "spaandroidtablet": {
        "@class": "com.kony.gen.viz.model.component.property.button.SPAAndroidTabletButtonProperty",
        "render": true
    },
    "spaipad": {
        "@class": "com.kony.gen.viz.model.component.property.button.SPAIPadButtonProperty",
        "render": true
    },
    "spawindowstablet": {
        "@class": "com.kony.gen.viz.model.component.property.button.SPAWindowsTabletButtonProperty",
        "render": true
    },
    "vexpand": false,
    "wType": "Button",
    "widgetalignment": 5,
    "windows8": {
        "@class": "com.kony.gen.viz.model.component.property.button.Windows8ButtonProperty",
        "_margin_": [
            8,
            10,
            8,
            2
        ],
        "displayText": true,
        "margin": [
            8,
            10,
            8,
            2
        ],
        "marginInPixel": false,
        "render": true
    }
}