{
    "DNDConfig": null,
    "_enabled_": false,
    "_margin_": [
        5,
        4,
        5,
        0
    ],
    "_orientation_": 1,
    "_padding_": [
        1,
        1,
        1,
        1
    ],
    "_percent_": true,
    "_position_": 3,
    "_resize_": true,
    "_skin_": "s94be3ec3c824c55a305b84873f25b08",
    "allboxes": [],
    "android": {
        "@class": "com.kony.gen.viz.model.container.property.hbox.AndroidHBoxProperty",
        "_position_": 3,
        "position": 3,
        "render": true
    },
    "borderCollapse": false,
    "canUpdateUI": true,
    "children": [
        "vbxMain"
    ],
    "containerweight": 100,
    "focusskin": "s94be3ec3c824c55a305b84873f25b08",
    "id": "hbxMain",
    "info": null,
    "ipad": {
        "@class": "com.kony.gen.viz.model.container.property.hbox.IPadHBoxProperty",
        "_position_": 3,
        "position": 3,
        "render": true
    },
    "isvisible": true,
    "kuid": "p2kwiet341880914145",
    "layoutalignment": 3,
    "margininpixel": false,
    "name": "kony.ui.Box",
    "paddinginpixel": false,
    "parent": "frmHome",
    "pf": "frmHome",
    "spa": {
        "@class": "com.kony.gen.viz.model.container.property.hbox.SPAHBoxProperty"
    },
    "spaandroidtablet": {
        "@class": "com.kony.gen.viz.model.container.property.hbox.SPAAndroidTabletHBoxProperty",
        "render": true
    },
    "spaipad": {
        "@class": "com.kony.gen.viz.model.container.property.hbox.SPAIPadHBoxProperty",
        "render": true
    },
    "spawindowstablet": {
        "@class": "com.kony.gen.viz.model.container.property.hbox.SPAWindowsTabletHBoxProperty",
        "render": true
    },
    "templateType": "forms",
    "wType": "HBox",
    "widgetalignment": 1,
    "windows8": {
        "@class": "com.kony.gen.viz.model.container.property.hbox.Windows8HBoxProperty",
        "_position_": 3,
        "position": 3,
        "render": true
    }
}