{
    "DNDConfig": null,
    "_base64_": null,
    "_enabled_": false,
    "_margin_": [
        0,
        0,
        0,
        0
    ],
    "_padding_": [
        0,
        0,
        0,
        0
    ],
    "_skin_": "s742114b7f924c74bc932af01e9055f0",
    "_src_": "blackbullet.png",
    "_text_": "blackbullet.png",
    "android": {
        "@class": "com.kony.gen.viz.model.component.property.image2.AndroidImage2Property",
        "render": true
    },
    "canUpdateUI": true,
    "containerweight": 12,
    "contentalignment": 5,
    "hexpand": false,
    "id": "imgFirstBullet",
    "imagescalemode": 1,
    "info": null,
    "ipad": {
        "@class": "com.kony.gen.viz.model.component.property.image2.IPadImage2Property",
        "psp": {
            "glossyEffect": 0
        },
        "render": true
    },
    "isvisible": true,
    "kuid": "p2kwiet341880914137",
    "margininpixel": false,
    "name": "kony.ui.Image2",
    "paddinginpixel": false,
    "parent": "hbxShowPicker",
    "pf": "frmHome",
    "spa": {
        "@class": "com.kony.gen.viz.model.component.property.image2.SPAImage2Property"
    },
    "spaandroidtablet": {
        "@class": "com.kony.gen.viz.model.component.property.image2.SPAAndroidTabletImage2Property",
        "render": true
    },
    "spaipad": {
        "@class": "com.kony.gen.viz.model.component.property.image2.SPAIPadImage2Property",
        "render": true
    },
    "spawindowstablet": {
        "@class": "com.kony.gen.viz.model.component.property.image2.SPAWindowsTabletImage2Property",
        "render": true
    },
    "srcType": 1,
    "vexpand": false,
    "wType": "Image",
    "widgetalignment": 5,
    "windows8": {
        "@class": "com.kony.gen.viz.model.component.property.image2.Windows8Image2Property",
        "_margin_": [
            0,
            0,
            0,
            0
        ],
        "margin": [
            0,
            0,
            0,
            0
        ],
        "marginInPixel": false,
        "render": true
    }
}