{
    "DNDConfig": null,
    "_enabled_": false,
    "_padding_": [
        3,
        2,
        3,
        2
    ],
    "_skin_": "se7a74e61853474a976d404d97836693",
    "_text_": "This application will showcase the following features of the Picker view",
    "_wrapping_": 2,
    "android": {
        "@class": "com.kony.gen.viz.model.component.property.label.AndroidLabelProperty",
        "_margin_": [
            4,
            0,
            4,
            0
        ],
        "margin": [
            4,
            0,
            4,
            0
        ],
        "marginInPixel": false,
        "psp": {
            "textCopyable": false
        },
        "render": true
    },
    "canUpdateUI": true,
    "containerweight": 100,
    "contentalignment": 4,
    "hexpand": true,
    "id": "lblIntro",
    "info": null,
    "ipad": {
        "@class": "com.kony.gen.viz.model.component.property.label.IPadLabelProperty",
        "_margin_": [
            4,
            0,
            4,
            0
        ],
        "margin": [
            4,
            0,
            4,
            0
        ],
        "marginInPixel": false,
        "psp": {
            "textCopyable": false,
            "wrapping": 2
        },
        "render": true
    },
    "isvisible": true,
    "kuid": "p2kwiet341880914143",
    "name": "kony.ui.Label",
    "paddinginpixel": true,
    "parent": "vbxMain",
    "pf": "frmHome",
    "spa": {
        "@class": "com.kony.gen.viz.model.component.property.label.SPALabelProperty",
        "psp": {
            "textCopyable": false
        }
    },
    "spaandroidtablet": {
        "@class": "com.kony.gen.viz.model.component.property.label.SPAAndroidTabletLabelProperty",
        "render": true
    },
    "spaipad": {
        "@class": "com.kony.gen.viz.model.component.property.label.SPAIPadLabelProperty",
        "render": true
    },
    "spawindowstablet": {
        "@class": "com.kony.gen.viz.model.component.property.label.SPAWindowsTabletLabelProperty",
        "render": true
    },
    "tooltip": "",
    "vexpand": false,
    "wType": "Label",
    "widgetalignment": 5,
    "windows8": {
        "@class": "com.kony.gen.viz.model.component.property.label.Windows8LabelProperty",
        "render": true
    }
}