{
    "DNDConfig": null,
    "_enabled_": false,
    "_margin_": [
        0,
        0,
        0,
        0
    ],
    "_orientation_": 2,
    "_padding_": [
        0,
        0,
        0,
        0
    ],
    "_resize_": true,
    "_skin_": "s12663ee07334d659603ddfda1fd8ce7",
    "allboxes": [],
    "android": {
        "@class": "com.kony.gen.viz.model.container.property.vbox.AndroidVBoxProperty",
        "render": true
    },
    "borderCollapse": false,
    "canUpdateUI": true,
    "children": [
        "lblIntro",
        "hbxShowPicker",
        "hbxSettingCompData"
    ],
    "containerweight": 100,
    "id": "vbxMain",
    "info": null,
    "ipad": {
        "@class": "com.kony.gen.viz.model.container.property.vbox.IPadVBoxProperty",
        "render": true
    },
    "isvisible": true,
    "kuid": "p2kwiet341880914144",
    "margininpixel": false,
    "name": "kony.ui.Box",
    "paddinginpixel": false,
    "parent": "hbxMain",
    "pf": "frmHome",
    "spa": {
        "@class": "com.kony.gen.viz.model.container.property.vbox.SPAVBoxProperty"
    },
    "spaandroidtablet": {
        "@class": "com.kony.gen.viz.model.container.property.vbox.SPAAndroidTabletVBoxProperty",
        "render": true
    },
    "spaipad": {
        "@class": "com.kony.gen.viz.model.container.property.vbox.SPAIPadVBoxProperty",
        "render": true
    },
    "spawindowstablet": {
        "@class": "com.kony.gen.viz.model.container.property.vbox.SPAWindowsTabletVBoxProperty",
        "render": true
    },
    "templateType": "forms",
    "wType": "VBox",
    "widgetalignment": 1,
    "windows8": {
        "@class": "com.kony.gen.viz.model.container.property.vbox.Windows8VBoxProperty",
        "_margin_": [
            1,
            1,
            1,
            1
        ],
        "margin": [
            1,
            1,
            1,
            1
        ],
        "marginInPixel": true,
        "render": true
    }
}