{
    "android": {
        "applicableblockedUIWidget": "Button",
        "background_color": "ffffffff",
        "background_style": "vg",
        "bg_type": "one",
        "blockedimgURL": "",
        "border_color": "000000ff",
        "border_radius": 0,
        "border_style": "plain",
        "border_type": 0,
        "border_width": 0,
        "bottom_left_border_color": "000000ff",
        "bottom_left_border_radius": 10,
        "bottom_left_border_width": 0,
        "bottom_right_border_color": "000000ff",
        "bottom_right_border_radius": 10,
        "bottom_right_border_width": 0,
        "font_color": "000000ff",
        "font_name": "Default",
        "font_size": 130,
        "font_weight": "bold",
        "gridLineColor": "0000000",
        "id": "sknPckrWhiteBG",
        "isCustomCSSEnabled": false,
        "isForked": true,
        "psp": {},
        "shadow": {
            "br": 0,
            "color": "000000",
            "inner": false,
            "x": 0,
            "y": 0
        },
        "text_shadow": {
            "br": 0,
            "color": "000000",
            "x": 0,
            "y": 0
        },
        "top_left_border_color": "000000ff",
        "top_left_border_radius": 10,
        "top_left_border_width": 0,
        "top_right_border_color": "000000ff",
        "top_right_border_radius": 10,
        "top_right_border_width": 0,
        "use_native": "false",
        "vizChannel": "android",
        "wType": "PickerView"
    },
    "applicableblockedUIWidget": "Button",
    "background_color": "ffffffff",
    "background_style": "vg",
    "bg_type": "one",
    "blockedimgURL": "",
    "border_color": "000000ff",
    "border_radius": 0,
    "border_style": "plain",
    "border_type": 0,
    "border_width": 0,
    "bottom_left_border_color": "000000ff",
    "bottom_left_border_radius": 10,
    "bottom_left_border_width": 0,
    "bottom_right_border_color": "000000ff",
    "bottom_right_border_radius": 10,
    "bottom_right_border_width": 0,
    "font_color": "000000ff",
    "font_size": 100,
    "font_weight": "normal",
    "gridLineColor": "0000000",
    "id": "sknPckrWhiteBG",
    "ipad": {
        "applicableblockedUIWidget": "Button",
        "background_color": "ffffffff",
        "background_style": "vg",
        "bg_type": "one",
        "blockedimgURL": "",
        "border_color": "000000ff",
        "border_radius": 0,
        "border_style": "plain",
        "border_type": 0,
        "border_width": 0,
        "bottom_left_border_color": "000000ff",
        "bottom_left_border_radius": 10,
        "bottom_left_border_width": 0,
        "bottom_right_border_color": "000000ff",
        "bottom_right_border_radius": 10,
        "bottom_right_border_width": 0,
        "font_color": "000000ff",
        "font_size": 100,
        "font_weight": "normal",
        "gridLineColor": "0000000",
        "id": "sknPckrWhiteBG",
        "isCustomCSSEnabled": false,
        "isForked": true,
        "psp": {},
        "shadow": {
            "br": 0,
            "color": "000000",
            "inner": false,
            "x": 0,
            "y": 0
        },
        "text_shadow": {
            "br": 0,
            "color": "000000",
            "x": 0,
            "y": 0
        },
        "top_left_border_color": "000000ff",
        "top_left_border_radius": 10,
        "top_left_border_width": 0,
        "top_right_border_color": "000000ff",
        "top_right_border_radius": 10,
        "top_right_border_width": 0,
        "use_native": "false",
        "vizChannel": "ipad",
        "wType": "PickerView"
    },
    "iphone": {
        "applicableblockedUIWidget": "Button",
        "background_color": "fafcfcff",
        "background_style": "vg",
        "bg_type": "one",
        "blockedimgURL": "",
        "border_color": "000000ff",
        "border_radius": 0,
        "border_style": "plain",
        "border_type": 0,
        "border_width": 0,
        "bottom_left_border_color": "000000ff",
        "bottom_left_border_radius": 10,
        "bottom_left_border_width": 0,
        "bottom_right_border_color": "000000ff",
        "bottom_right_border_radius": 10,
        "bottom_right_border_width": 0,
        "font_color": "400040ff",
        "font_name": "HelveticaNeue",
        "font_size": 130,
        "font_weight": "bold",
        "gridLineColor": "0000000",
        "id": "sknPckrWhiteBG",
        "isCustomCSSEnabled": false,
        "isForked": true,
        "psp": {},
        "shadow": {
            "br": 0,
            "color": "000000",
            "inner": false,
            "x": 0,
            "y": 0
        },
        "text_shadow": {
            "br": 0,
            "color": "000000",
            "x": 0,
            "y": 0
        },
        "top_left_border_color": "000000ff",
        "top_left_border_radius": 10,
        "top_left_border_width": 0,
        "top_right_border_color": "000000ff",
        "top_right_border_radius": 10,
        "top_right_border_width": 0,
        "use_native": "false",
        "vizChannel": "iphone",
        "wType": "PickerView"
    },
    "isForked": false,
    "kuid": "s858d13b051b4183ba529236632f4854",
    "shadow": {
        "br": 0,
        "color": "000000",
        "inner": false,
        "x": 0,
        "y": 0
    },
    "tabrcandroid": {
        "applicableblockedUIWidget": "Button",
        "background_color": "ffffffff",
        "background_style": "vg",
        "bg_type": "one",
        "blockedimgURL": "",
        "border_color": "000000ff",
        "border_radius": 0,
        "border_style": "plain",
        "border_type": 0,
        "border_width": 0,
        "bottom_left_border_color": "000000ff",
        "bottom_left_border_radius": 10,
        "bottom_left_border_width": 0,
        "bottom_right_border_color": "000000ff",
        "bottom_right_border_radius": 10,
        "bottom_right_border_width": 0,
        "font_color": "000000ff",
        "font_size": 100,
        "font_weight": "normal",
        "gridLineColor": "0000000",
        "id": "sknPckrWhiteBG",
        "isCustomCSSEnabled": false,
        "isForked": true,
        "psp": {},
        "shadow": {
            "br": 0,
            "color": "000000",
            "inner": false,
            "x": 0,
            "y": 0
        },
        "text_shadow": {
            "br": 0,
            "color": "000000",
            "x": 0,
            "y": 0
        },
        "top_left_border_color": "000000ff",
        "top_left_border_radius": 10,
        "top_left_border_width": 0,
        "top_right_border_color": "000000ff",
        "top_right_border_radius": 10,
        "top_right_border_width": 0,
        "use_native": "false",
        "vizChannel": "tabrcandroid",
        "wType": "PickerView"
    },
    "text_shadow": {
        "br": 0,
        "color": "000000",
        "x": 0,
        "y": 0
    },
    "top_left_border_color": "000000ff",
    "top_left_border_radius": 10,
    "top_left_border_width": 0,
    "top_right_border_color": "000000ff",
    "top_right_border_radius": 10,
    "top_right_border_width": 0,
    "use_native": "false",
    "vizChannel": "default",
    "wType": "PickerView",
    "winphone8": {
        "applicableblockedUIWidget": "Button",
        "background_color": "3c95baff",
        "background_style": "vg",
        "bg_type": "one",
        "blockedimgURL": "",
        "border_color": "000000ff",
        "border_radius": 0,
        "border_style": "plain",
        "border_type": 0,
        "border_width": 0,
        "bottom_left_border_color": "000000ff",
        "bottom_left_border_radius": 10,
        "bottom_left_border_width": 0,
        "bottom_right_border_color": "000000ff",
        "bottom_right_border_radius": 10,
        "bottom_right_border_width": 0,
        "font_color": "ffffffff",
        "font_size": 180,
        "font_weight": "normal",
        "gridLineColor": "0000000",
        "id": "sknPckrWhiteBG",
        "isCustomCSSEnabled": false,
        "isForked": true,
        "psp": {},
        "shadow": {
            "br": 0,
            "color": "000000",
            "inner": false,
            "x": 0,
            "y": 0
        },
        "text_shadow": {
            "br": 0,
            "color": "000000",
            "x": 0,
            "y": 0
        },
        "top_left_border_color": "000000ff",
        "top_left_border_radius": 10,
        "top_left_border_width": 0,
        "top_right_border_color": "000000ff",
        "top_right_border_radius": 10,
        "top_right_border_width": 0,
        "use_native": "false",
        "vizChannel": "winphone8",
        "wType": "PickerView"
    }
}