{
    "DNDConfig": null,
    "_enabled_": false,
    "_margin_": [
        4,
        4,
        4,
        5
    ],
    "_padding_": [
        0,
        3,
        0,
        3
    ],
    "_skin_": "s22dcac88dea4739b4f7617c384d4567",
    "_text_": "Set New Year Range",
    "android": {
        "@class": "com.kony.gen.viz.model.component.property.button.AndroidButtonProperty",
        "_margin_": [
            4,
            4,
            4,
            5
        ],
        "displayText": true,
        "margin": [
            4,
            4,
            4,
            5
        ],
        "marginInPixel": false,
        "render": true
    },
    "canUpdateUI": true,
    "containerweight": 100,
    "contentalignment": 5,
    "displaytext": true,
    "focusskin": "s545984462c74a81a6d5e04a5a55f785",
    "hexpand": true,
    "id": "btnAdd",
    "ide_onClick": "p2kwiet341880914133_btnAdd_onClick_seq0",
    "info": null,
    "iphone": {
        "@class": "com.kony.gen.viz.model.component.property.button.IPhoneButtonProperty",
        "_margin_": [
            13,
            13,
            13,
            16
        ],
        "displayText": true,
        "margin": [
            13,
            13,
            13,
            16
        ],
        "marginInPixel": true,
        "psp": {
            "glowEffect": false
        },
        "render": true
    },
    "isvisible": true,
    "kuid": "p2kwiet341880914129",
    "margininpixel": false,
    "name": "kony.ui.Button",
    "onclick": "p2kwiet341880914133_btnAdd_onClick_seq0",
    "paddinginpixel": false,
    "parent": "frmPickerView",
    "pf": "frmPickerView",
    "spa": {
        "@class": "com.kony.gen.viz.model.component.property.button.SPAButtonProperty",
        "displayText": true
    },
    "spaan": {
        "@class": "com.kony.gen.viz.model.component.property.button.SPAAndroidButtonProperty",
        "_margin_": [
            4,
            4,
            4,
            5
        ],
        "margin": [
            4,
            4,
            4,
            5
        ],
        "marginInPixel": false,
        "render": true
    },
    "spabb": {
        "@class": "com.kony.gen.viz.model.component.property.button.SPABBButtonProperty",
        "_margin_": [
            4,
            4,
            4,
            5
        ],
        "margin": [
            4,
            4,
            4,
            5
        ],
        "marginInPixel": false,
        "render": true
    },
    "spaip": {
        "@class": "com.kony.gen.viz.model.component.property.button.SPAIPhoneButtonProperty",
        "_margin_": [
            4,
            4,
            4,
            5
        ],
        "margin": [
            4,
            4,
            4,
            5
        ],
        "marginInPixel": false,
        "render": true
    },
    "spawinphone8": {
        "@class": "com.kony.gen.viz.model.component.property.button.SPAWinPhone8ButtonProperty",
        "_margin_": [
            4,
            4,
            4,
            5
        ],
        "margin": [
            4,
            4,
            4,
            5
        ],
        "marginInPixel": false,
        "render": true
    },
    "vexpand": false,
    "wType": "Button",
    "widgetalignment": 5,
    "winphone8": {
        "@class": "com.kony.gen.viz.model.component.property.button.WinPhone8ButtonProperty",
        "_margin_": [
            4,
            4,
            4,
            5
        ],
        "displayText": true,
        "margin": [
            4,
            4,
            4,
            5
        ],
        "marginInPixel": false,
        "psp": {
            "enableCache": false
        },
        "render": true
    }
}