{
    "DNDConfig": null,
    "_enabled_": false,
    "_skin_": "s694c61083f242b4983f6609eb22f45e",
    "_text_": "Brand",
    "_wrapping_": 2,
    "android": {
        "@class": "com.kony.gen.viz.model.component.property.label.AndroidLabelProperty",
        "_margin_": [
            2,
            0,
            0,
            0
        ],
        "_padding_": [
            7,
            0,
            0,
            0
        ],
        "margin": [
            2,
            0,
            0,
            0
        ],
        "marginInPixel": false,
        "padding": [
            7,
            0,
            0,
            0
        ],
        "paddingInPixel": false,
        "psp": {
            "textCopyable": false
        },
        "render": true
    },
    "canUpdateUI": true,
    "containerweight": 33,
    "contentalignment": 4,
    "hexpand": true,
    "id": "lblBrand",
    "info": null,
    "iphone": {
        "@class": "com.kony.gen.viz.model.component.property.label.IPhoneLabelProperty",
        "_margin_": [
            1,
            1,
            1,
            1
        ],
        "_padding_": [
            10,
            0,
            0,
            0
        ],
        "margin": [
            1,
            1,
            1,
            1
        ],
        "marginInPixel": true,
        "padding": [
            10,
            0,
            0,
            0
        ],
        "paddingInPixel": false,
        "psp": {
            "textCopyable": false,
            "wrapping": 2
        },
        "render": true
    },
    "isvisible": true,
    "kuid": "p2kwiet341880914121",
    "name": "kony.ui.Label",
    "parent": "hboxMain",
    "pf": "frmPickerView",
    "spa": {
        "@class": "com.kony.gen.viz.model.component.property.label.SPALabelProperty",
        "psp": {
            "textCopyable": false
        }
    },
    "spaan": {
        "@class": "com.kony.gen.viz.model.component.property.label.SPAAndroidLabelProperty",
        "render": true
    },
    "spabb": {
        "@class": "com.kony.gen.viz.model.component.property.label.SPABBLabelProperty",
        "render": true
    },
    "spaip": {
        "@class": "com.kony.gen.viz.model.component.property.label.SPAIPhoneLabelProperty",
        "render": true
    },
    "spawinphone8": {
        "@class": "com.kony.gen.viz.model.component.property.label.SPAWinPhone8LabelProperty",
        "render": true
    },
    "tooltip": "",
    "vexpand": false,
    "wType": "Label",
    "widgetalignment": 4,
    "winphone8": {
        "@class": "com.kony.gen.viz.model.component.property.label.WinPhone8LabelProperty",
        "_margin_": [
            1,
            1,
            1,
            1
        ],
        "_padding_": [
            1,
            1,
            1,
            1
        ],
        "margin": [
            1,
            1,
            1,
            1
        ],
        "marginInPixel": true,
        "padding": [
            1,
            1,
            1,
            1
        ],
        "paddingInPixel": true,
        "psp": {
            "enableCache": false
        },
        "render": true
    }
}