{
    "DNDConfig": null,
    "_enabled_": false,
    "_margin_": [
        0,
        0,
        0,
        0
    ],
    "_padding_": [
        0,
        0,
        0,
        0
    ],
    "_skin_": "s42aeae53f794e14bb0cfdce6f923fac",
    "_text_": "",
    "_thickness_": 1,
    "android": {
        "@class": "com.kony.gen.viz.model.component.property.line.AndroidLineProperty",
        "render": true
    },
    "canUpdateUI": true,
    "containerweight": 100,
    "contentalignment": 5,
    "hexpand": true,
    "id": "lineSep",
    "info": null,
    "iphone": {
        "@class": "com.kony.gen.viz.model.component.property.line.IPhoneLineProperty",
        "_margin_": [
            1,
            1,
            1,
            1
        ],
        "margin": [
            1,
            1,
            1,
            1
        ],
        "marginInPixel": true,
        "render": false
    },
    "isvisible": true,
    "kuid": "p2kwiet341880914128",
    "margininpixel": false,
    "name": "kony.ui.Line",
    "paddinginpixel": false,
    "parent": "frmPickerView",
    "pf": "frmPickerView",
    "spa": {
        "@class": "com.kony.gen.viz.model.component.property.line.SPALineProperty"
    },
    "spaan": {
        "@class": "com.kony.gen.viz.model.component.property.line.SPAAndroidLineProperty",
        "render": true
    },
    "spabb": {
        "@class": "com.kony.gen.viz.model.component.property.line.SPABBLineProperty",
        "render": true
    },
    "spaip": {
        "@class": "com.kony.gen.viz.model.component.property.line.SPAIPhoneLineProperty",
        "render": true
    },
    "spawinphone8": {
        "@class": "com.kony.gen.viz.model.component.property.line.SPAWinPhone8LineProperty",
        "render": true
    },
    "vexpand": false,
    "wType": "Line",
    "widgetalignment": 5,
    "winphone8": {
        "@class": "com.kony.gen.viz.model.component.property.line.WinPhone8LineProperty",
        "_margin_": [
            1,
            1,
            1,
            1
        ],
        "margin": [
            1,
            1,
            1,
            1
        ],
        "marginInPixel": true,
        "psp": {
            "enableCache": false
        },
        "render": false
    }
}