{"wap_android360_fontsize":"13","isA11yConfigEnabled":"false","spaipadbasefontsize":"17","wap_android440_fontsize":"15","wap_spaandroidtabxhdpi_fontsize":"18","apppackagekey":"com.kony.PickerView","winmangotiletitlekey":"PickerView","wap_android400_fontsize":"14","nativeContainerProperties":{"isEnableJSContainerAndroid":false,"isModified":true,"isEnableJSContaineriOS":false,"isEnableJSContainer":false},"wap_spaandroidtabhdpi_fontsize":"16","iphonebundleidentifierkey":"com.kony.PickerView","desktopwebaligenmentoption":"left","appversionkey":"1.0.0","desktopwebwidthoption":"Percentage","applogokey":"icon.png","spaandroidtabbasefontsize":"17","startupformkey":"frmHome","wap_android640_fontsize":"19","vendornamekey":"KonyLabs","wap_android320_fontsize":"12","wap_android_fontsize":"10","statusBarStyle":"STATUS_BAR_STYLE_DEFAULT","createdgaversion":"7.3.0.GA_v201704051416","extendTop":"false","enableactionbar":false,"wap_android480_fontsize":"16","mastersProperties":{"masterVersion":"2.0.0"},"appmenu":{"tablet":{"data":[]},"desktop":{"data":[{"kuid":"1822447aadd24c7995a89bf9770eff0c","icon":{"default":"option1.png"},"id":"appmenuitemid1","title":"Item 1"},{"kuid":"954501373c3b4e2fab85f085e392e52b","icon":{"default":"option2.png"},"id":"appmenuitemid2","title":"Item 2"},{"kuid":"2fa3dda451e7471fa37268a168dac503","icon":{"default":"option3.png"},"id":"appmenuitemid3","title":"Item 3"},{"kuid":"954e53645c274db89b122aab88e15b92","icon":{"default":"option4.png"},"id":"appmenuitemid4","title":"Item 4"}]},"wType":"Appmenu","mobile":{"data":[]}},"wap_spaipad_fontsize":"17","mwportkey":"80","islocalserverurl":"true","supportedorientations":["portrait","landscape"],"desktopwebwidthval":"100","appidkey":"PickerView","statusBarHidden":"false","export.type":"studioviz","isNewAppWithRespectToAndroidPackageName":"true","defaulttheme":"KonyTheme","iphonebundleversionkey":"1.0","iphoneipadglossyeffectkey":"false","extendBottom":"false","tabletstartupformkey":"frmHome","pasteboardType":"2","appnamekey":"PickerView","currentgaversion":"7.3.0","desktopwebbasefontsize":"16","wap_android240_fontsize":"10","@class":"com.kony.gen.appprops.KVizAppProps","wap_spaandroidtabldpi_fontsize":"17","wap_spaandroidtabmdpi_fontsize":"14","konyVizVersion":"7.3.0","wap_spaandroidtab_fontsize":"17","winmobileguidkey":"50ef5b94-60fb-4d8c-a6d2-611b712e42ee","ide_appEvents":{},"build":"release","project_version":"sprint27","cloud_url":"http://127.0.0.1:8080","ipadlandscapemodekey":"both","wap_ip_fontsize":"12","category":"app","createdVizVersion":"7.3.0"}