{
    "DNDConfig": null,
    "_enabled_": false,
    "_margin_": [
        4,
        4,
        4,
        5
    ],
    "_padding_": [
        0,
        3,
        0,
        3
    ],
    "_skin_": "s22dcac88dea4739b4f7617c384d4567",
    "_text_": "Set New Year Range",
    "android": {
        "@class": "com.kony.gen.viz.model.component.property.button.AndroidButtonProperty",
        "displayText": true,
        "render": true
    },
    "canUpdateUI": true,
    "containerweight": 100,
    "contentalignment": 5,
    "displaytext": true,
    "focusskin": "s545984462c74a81a6d5e04a5a55f785",
    "hexpand": true,
    "id": "btnAdd",
    "ide_onClick": "p2kwiet341880914159_btnAdd_onClick_seq0",
    "info": null,
    "ipad": {
        "@class": "com.kony.gen.viz.model.component.property.button.IPadButtonProperty",
        "_margin_": [
            13,
            13,
            13,
            16
        ],
        "displayText": true,
        "margin": [
            13,
            13,
            13,
            16
        ],
        "marginInPixel": true,
        "psp": {
            "glowEffect": false
        },
        "render": true
    },
    "isvisible": true,
    "kuid": "p2kwiet341880914157",
    "margininpixel": false,
    "name": "kony.ui.Button",
    "onclick": "p2kwiet341880914159_btnAdd_onClick_seq0",
    "paddinginpixel": false,
    "parent": "frmPickerView",
    "pf": "frmPickerView",
    "spa": {
        "@class": "com.kony.gen.viz.model.component.property.button.SPAButtonProperty",
        "displayText": true
    },
    "spaandroidtablet": {
        "@class": "com.kony.gen.viz.model.component.property.button.SPAAndroidTabletButtonProperty",
        "render": true
    },
    "spaipad": {
        "@class": "com.kony.gen.viz.model.component.property.button.SPAIPadButtonProperty",
        "render": true
    },
    "spawindowstablet": {
        "@class": "com.kony.gen.viz.model.component.property.button.SPAWindowsTabletButtonProperty",
        "render": true
    },
    "vexpand": false,
    "wType": "Button",
    "widgetalignment": 5,
    "windows8": {
        "@class": "com.kony.gen.viz.model.component.property.button.Windows8ButtonProperty",
        "_margin_": [
            1,
            1,
            1,
            1
        ],
        "_padding_": [
            5,
            5,
            5,
            5
        ],
        "displayText": true,
        "margin": [
            1,
            1,
            1,
            1
        ],
        "marginInPixel": true,
        "padding": [
            5,
            5,
            5,
            5
        ],
        "paddingInPixel": true,
        "render": true
    }
}