{
    "DNDConfig": null,
    "_enabled_": false,
    "_margin_": [
        0,
        2,
        0,
        0
    ],
    "_orientation_": 1,
    "_percent_": true,
    "_position_": 3,
    "_resize_": true,
    "_skin_": "s8993a99813d4f1885ef8d1b35935d2b",
    "allboxes": [],
    "android": {
        "@class": "com.kony.gen.viz.model.container.property.hbox.AndroidHBoxProperty",
        "_position_": 3,
        "position": 3,
        "render": true
    },
    "borderCollapse": false,
    "canUpdateUI": true,
    "children": [
        "lblBrand",
        "lblModel",
        "lblColour"
    ],
    "containerweight": 100,
    "id": "hboxMain",
    "info": null,
    "ipad": {
        "@class": "com.kony.gen.viz.model.container.property.hbox.IPadHBoxProperty",
        "_position_": 3,
        "position": 3,
        "render": true
    },
    "isvisible": true,
    "kuid": "p2kwiet341880914152",
    "layoutalignment": 3,
    "margininpixel": false,
    "name": "kony.ui.Box",
    "parent": "frmPickerView",
    "pf": "frmPickerView",
    "spa": {
        "@class": "com.kony.gen.viz.model.container.property.hbox.SPAHBoxProperty"
    },
    "spaandroidtablet": {
        "@class": "com.kony.gen.viz.model.container.property.hbox.SPAAndroidTabletHBoxProperty",
        "render": true
    },
    "spaipad": {
        "@class": "com.kony.gen.viz.model.container.property.hbox.SPAIPadHBoxProperty",
        "render": true
    },
    "spawindowstablet": {
        "@class": "com.kony.gen.viz.model.container.property.hbox.SPAWindowsTabletHBoxProperty",
        "render": true
    },
    "templateType": "forms",
    "wType": "HBox",
    "widgetalignment": 1,
    "windows8": {
        "@class": "com.kony.gen.viz.model.container.property.hbox.Windows8HBoxProperty",
        "_position_": 3,
        "position": 3,
        "render": true
    }
}