{
    "DNDConfig": null,
    "_enabled_": false,
    "_margin_": [
        0,
        0,
        0,
        0
    ],
    "_orientation_": 1,
    "_padding_": [
        0,
        0,
        0,
        0
    ],
    "_percent_": true,
    "_position_": 3,
    "_resize_": true,
    "_skin_": "s94be3ec3c824c55a305b84873f25b08",
    "allboxes": [],
    "android": {
        "@class": "com.kony.gen.viz.model.container.property.hbox.AndroidHBoxProperty",
        "_position_": 3,
        "position": 3,
        "render": true
    },
    "borderCollapse": false,
    "canUpdateUI": true,
    "children": [
        "pickOne"
    ],
    "containerweight": 100,
    "focusskin": "s94be3ec3c824c55a305b84873f25b08",
    "id": "hbxPickerView",
    "info": null,
    "ipad": {
        "@class": "com.kony.gen.viz.model.container.property.hbox.IPadHBoxProperty",
        "_margin_": [
            1,
            1,
            1,
            1
        ],
        "_padding_": [
            0,
            0,
            0,
            0
        ],
        "_position_": 3,
        "margin": [
            1,
            1,
            1,
            1
        ],
        "marginInPixel": true,
        "padding": [
            0,
            0,
            0,
            0
        ],
        "paddingInPixel": true,
        "position": 3,
        "render": true
    },
    "isvisible": true,
    "kuid": "p2kwiet341880914154",
    "layoutalignment": 3,
    "margininpixel": true,
    "name": "kony.ui.Box",
    "paddinginpixel": true,
    "parent": "frmPickerView",
    "pf": "frmPickerView",
    "spa": {
        "@class": "com.kony.gen.viz.model.container.property.hbox.SPAHBoxProperty"
    },
    "spaandroidtablet": {
        "@class": "com.kony.gen.viz.model.container.property.hbox.SPAAndroidTabletHBoxProperty",
        "render": true
    },
    "spaipad": {
        "@class": "com.kony.gen.viz.model.container.property.hbox.SPAIPadHBoxProperty",
        "render": true
    },
    "spawindowstablet": {
        "@class": "com.kony.gen.viz.model.container.property.hbox.SPAWindowsTabletHBoxProperty",
        "render": true
    },
    "templateType": "forms",
    "wType": "HBox",
    "widgetalignment": 1,
    "windows8": {
        "@class": "com.kony.gen.viz.model.container.property.hbox.Windows8HBoxProperty",
        "_margin_": [
            0,
            0,
            0,
            0
        ],
        "_padding_": [
            0,
            0,
            0,
            0
        ],
        "_position_": 3,
        "margin": [
            0,
            0,
            0,
            0
        ],
        "marginInPixel": true,
        "padding": [
            0,
            0,
            0,
            0
        ],
        "paddingInPixel": true,
        "position": 3,
        "render": true
    }
}