{
    "DNDConfig": null,
    "__inst": {
        "_selectedValues": {},
        "settings": {
            "ariaDesc": "Select a value",
            "cancelText": "Cancel",
            "delay": 300,
            "disabled": false,
            "display": "inline",
            "headerText": "{value}",
            "height": 40,
            "id": "NewForm201381416597148_PickerView9501051",
            "lang": "en-US",
            "mode": "scroller",
            "preset": "",
            "readonly": false,
            "rows": 3,
            "scrollLock": true,
            "setText": "Set",
            "showLabel": false,
            "showOnFocus": true,
            "showOnTap": true,
            "speedUnit": 0.0012,
            "tap": true,
            "theme": "ios",
            "timeUnit": 0.1,
            "wheels": [
                [
                    {
                        "keys": [
                            "y1",
                            "y2",
                            "y3"
                        ],
                        "values": [
                            "2009",
                            "2010",
                            "2011"
                        ],
                        "width": "yearcomp"
                    },
                    {
                        "keys": [
                            "m1",
                            "m2",
                            "m3",
                            "m4",
                            "m5",
                            "m6",
                            "m7"
                        ],
                        "values": [
                            "Jan",
                            "Feb",
                            "Mar",
                            "Apr",
                            "May",
                            "Jun",
                            "Jul"
                        ],
                        "width": "monthcomp"
                    }
                ]
            ],
            "width": 70,
            "xwidth": 200
        },
        "temp": [
            "y1",
            "m1"
        ],
        "val": "y1 m1",
        "values": [
            "y1",
            "m1"
        ]
    },
    "__wheels": [
        [
            {
                "keys": [
                    "y1",
                    "y2",
                    "y3"
                ],
                "values": [
                    "2009",
                    "2010",
                    "2011"
                ],
                "width": "yearcomp"
            },
            {
                "keys": [
                    "m1",
                    "m2",
                    "m3",
                    "m4",
                    "m5",
                    "m6",
                    "m7"
                ],
                "values": [
                    "Jan",
                    "Feb",
                    "Mar",
                    "Apr",
                    "May",
                    "Jun",
                    "Jul"
                ],
                "width": "monthcomp"
            }
        ]
    ],
    "_dimension_": 18,
    "_enabled_": false,
    "_margin_": [
        4,
        0,
        4,
        5
    ],
    "_padding_": [
        0,
        0,
        0,
        0
    ],
    "_render_": true,
    "_skin_": "s858d13b051b4183ba529236632f4854",
    "_text_": "",
    "activeFocusSkin": "slPickerView1379159797987",
    "activeSkin": "slPickerView1379159787412",
    "android": {
        "@class": "com.kony.gen.viz.model.component.property.pickerview.AndroidPickerViewProperty",
        "render": true
    },
    "canUpdateUI": true,
    "containerWeightLocked": true,
    "containerweight": 100,
    "contentalignment": 5,
    "focusskin": "s646b89efd0d4a5582d4eed0959241b8",
    "groupcells": false,
    "hexpand": true,
    "id": "pickOne",
    "ide_onSelection": "p2kwiet341880914159_pickOne_onSelection_seq0",
    "inactiveSkin": "slPickerView1379159813912",
    "info": null,
    "ipad": {
        "@class": "com.kony.gen.viz.model.component.property.pickerview.IPadPickerViewProperty",
        "_padding_": [
            0,
            0,
            0,
            0
        ],
        "padding": [
            0,
            0,
            0,
            0
        ],
        "paddingInPixel": false,
        "render": true
    },
    "isvisible": true,
    "itemorientation": "vertical",
    "kuid": "p2kwiet341880914153",
    "margininpixel": false,
    "masterdata": [
        [
            [
                "1",
                "BMW"
            ],
            [
                "2",
                "Chevrolet"
            ],
            [
                "3",
                "Aston Martin"
            ],
            [
                "4",
                "Ferrari"
            ],
            [
                "5",
                "Honda"
            ],
            [
                "6",
                "Hyundai"
            ],
            [
                "7",
                "Jaguar"
            ],
            [
                "8",
                "Jeep"
            ],
            [
                "9",
                "Porsche"
            ],
            33,
            "Brand"
        ],
        [
            [
                "1",
                "2003"
            ],
            [
                "2",
                "2004"
            ],
            [
                "3",
                "2005"
            ],
            [
                "4",
                "2006"
            ],
            [
                "5",
                "2007"
            ],
            [
                "6",
                "2008"
            ],
            [
                "7",
                "2009"
            ],
            [
                "8",
                "2010"
            ],
            [
                "9",
                "2011"
            ],
            33,
            "YearofManufacture"
        ],
        [
            [
                "1",
                "Black"
            ],
            [
                "2",
                "Silver"
            ],
            [
                "3",
                "White"
            ],
            [
                "4",
                "Red"
            ],
            [
                "5",
                "Gray"
            ],
            [
                "6",
                "Yellow"
            ],
            [
                "7",
                "Blue"
            ],
            [
                "8",
                "Gold"
            ],
            [
                "9",
                "Purple"
            ],
            34,
            "Colour"
        ]
    ],
    "masterdatamap": null,
    "name": "kony.ui.PickerView",
    "onselection": "p2kwiet341880914159_pickOne_onSelection_seq0",
    "paddinginpixel": false,
    "pageSkin": "slPickerView1379159828015",
    "parent": "hbxPickerView",
    "pf": "frmPickerView",
    "selectedkey": null,
    "selectedkeys": null,
    "selectedkeyvalue": null,
    "selectedkeyvalues": [
        "2009",
        "Jan"
    ],
    "size": 18,
    "spa": {
        "@class": "com.kony.gen.viz.model.component.property.pickerview.SPAPickerViewProperty"
    },
    "spaandroidtablet": {
        "@class": "com.kony.gen.viz.model.component.property.pickerview.SPAAndroidTabletPickerViewProperty",
        "render": false
    },
    "spaipad": {
        "@class": "com.kony.gen.viz.model.component.property.pickerview.SPAIPadPickerViewProperty",
        "render": false
    },
    "spawindowstablet": {
        "@class": "com.kony.gen.viz.model.component.property.pickerview.SPAWindowsTabletPickerViewProperty",
        "render": false
    },
    "tickedimage": "checkboxselected.png",
    "untickedimage": "checkboxnormal.png",
    "vexpand": false,
    "viewtype": 0,
    "wType": "PickerView",
    "widgetalignment": 5,
    "windows8": {
        "@class": "com.kony.gen.viz.model.component.property.pickerview.Windows8PickerViewProperty",
        "_margin_": [
            0,
            0,
            0,
            0
        ],
        "_padding_": [
            0,
            0,
            0,
            0
        ],
        "margin": [
            0,
            0,
            0,
            0
        ],
        "marginInPixel": false,
        "padding": [
            0,
            0,
            0,
            0
        ],
        "paddingInPixel": false,
        "render": false
    }
}