{
    "p2kwiet341880914146_btnContinue_onClick_seq0": {
        "id": "p2kwiet341880914146_btnContinue_onClick_seq0",
        "type": "ACTION_SEQUENCE",
        "params": [{
            "name": "eventobject",
            "value": "eventobject"
        }],
        "language": "js",
        "actions": [{
            "id": "customcode_onClick_829743418809143631",
            "type": "INVOKE_FUNCTION",
            "sequenceKUID": "onclickBtnContinue",
            "display": "onclickBtnContinue"
        }]
    }
}