{
    "p2kwiet341880914133_pickOne_onSelection_seq0": {
        "id": "p2kwiet341880914133_pickOne_onSelection_seq0",
        "type": "ACTION_SEQUENCE",
        "params": [{
            "name": "eventobject",
            "value": "eventobject"
        }, {
            "name": "component",
            "value": "component"
        }, {
            "name": "keyselected",
            "value": "keyselected"
        }],
        "language": "js",
        "actions": [{
            "id": "customcode_onSelection_485453418809144690",
            "type": "INVOKE_FUNCTION",
            "sequenceKUID": "pickerviewselkeyvalues",
            "display": "pickerviewselkeyvalues"
        }]
    }
}