<?xml version="1.0" encoding="UTF-8" standalone="yes"?>
<plugins>
    <pluginInfo version-no="6.5.1.GA_v201507231955" plugin-id="com.pat.tool.keditor.KEditorPlugin" plugin-name="Kony Studio"/>
    <pluginInfo version-no="6.5.1.GA_v201507231705" plugin-name="Third Party Jars Plug-in"/>
    <pluginInfo version-no="6.5.1.GA_v201507231705" plugin-id="com.pat.soapui.SoapUIPlugin" plugin-name="Soap UI Plugin"/>
    <pluginInfo version-no="6.5.1.GA_v201507231703" plugin-name="Kony Codegenerator"/>
    <pluginInfo version-no="6.5.1.GA_v201507231704" plugin-id="com.kony.nativecodegen.NativeCodeGenPlugin" plugin-name="Nativecodegen"/>
    <pluginInfo version-no="6.5.1.GA_v201507231705" plugin-name="Kony Studio Licensing"/>
    <pluginInfo version-no="6.5.1.GA_v201507232046" plugin-id="com.kony.cloudmiddleware.Activator" plugin-name="CloudMiddlewarePlugin"/>
    <pluginInfo version-no="6.5.1.GA_v201507232046" plugin-id="com.kony.cloudthirdparty.Activator" plugin-name="CloudThirdPartyPlugin"/>
    <pluginInfo version-no="6.5.1.GA_v201507232006" plugin-id="com.viz.ide.VisualiserIDEPlugin" plugin-name="Visualizer Integration Plugin"/>
    <pluginInfo version-no="6.5.1.GA_v201507231921" plugin-id="com.kony.studio.cloud.StudioCloudPlugin" plugin-name="Kony Studio Cloud Integration"/>
    <pluginInfo version-no="6.5.1.GA_v201507271726" plugin-id="com.kony.studio.sky.SkyPlugin" plugin-name="Sky Data Explorer"/>
    <pluginInfo version-no="6.5.1.GA_v201507241212" plugin-name="Functional Preview Plugin"/>
    <pluginInfo version-no="6.5.1.GA_v201507232010" plugin-id="com.pat.android.Activator" plugin-name="Tablet Android"/>
    <pluginInfo version-no="6.5.1.GA_v201507232027" plugin-id="com.pat.j2me.J2MEPlugin" plugin-name="Blackberry &amp; J2ME"/>
    <pluginInfo version-no="6.5.1.GA_v201507241142" plugin-id="com.kony.bb10.BB10Plugin" plugin-name="Blackberry 10"/>
    <pluginInfo version-no="6.5.1.GA_v201507271751" plugin-id="com.kony.windows.WindowsPhone8Plugin" plugin-name="Windows Phone 8 Plug-in"/>
    <pluginInfo version-no="6.5.1.GA_v201507232010" plugin-id="com.kony.windows.Windows8Plugin" plugin-name="Windows 8.1 Plug-in"/>
    <pluginInfo version-no="6.5.1.GA_v201507232010" plugin-id="com.pat.android.Activator" plugin-name="Android"/>
    <pluginInfo version-no="6.5.1.GA_v201507271715" plugin-id="thinclientplugin.Activator" plugin-name="ThinClient"/>
    <pluginInfo version-no="6.5.1.GA_v201507232052" plugin-id="com.kony.windows.WinDesktopPlugin" plugin-name="Windows Desktop Plug-in"/>
    <pluginInfo version-no="6.5.1.GA_v201507271752" plugin-name="SPA"/>
    <pluginInfo version-no="6.5.1.GA_v201507271809" plugin-name="Desktop Web"/>
    <pluginInfo version-no="6.5.1.GA_v201507232129" plugin-id="com.kony.sync.ide.SyncPlugin" plugin-name="Kony Sync"/>
    <pluginInfo version-no="6.5.1.GA_v201507241216" plugin-id="com.kony.web.Activator" plugin-name="Kony Web Commons"/>
    <pluginInfo version-no="6.5.1.GA_v201507232051" plugin-id="iosplugin.Activator" plugin-name="iOS Plugin"/>
    <pluginInfo version-no="6.5.1.GA_v201507222140" plugin-id="com.kony.mobile.fabric.client.sdk.MBaasSDKPlugin" plugin-name="MobileFabric Client SDK"/>
</plugins>
