<?xml version="1.0" encoding="UTF-8" standalone="yes"?>
<application id="PickerView" name="PickerView">
    <container isflex="false" displayname="Form" id="frmHome" type="form"/>
    <container isflex="false" displayname="Form" id="frmPickerView" type="form">
        <component displayname="PickerView" id="pickOne" type="pickerview">
            <attributes datatype="string" name="customPicker" platform="spa" value="1"/>
        </component>
    </container>
    <container isflex="false" displayname="Form" id="frmHome" type="form"/>
    <container isflex="false" displayname="Form" id="frmPickerView" type="form">
        <component displayname="PickerView" id="pickOne" type="pickerview">
            <attributes datatype="string" name="customPicker" platform="spa" value="1"/>
        </component>
    </container>
    <globalsequences/>
    <skins/>
</application>
