<?xml version="1.0" encoding="UTF-8" standalone="yes"?><splashData><landscape_animationDuration>10</landscape_animationDuration><landscape_animation_interruptable>false</landscape_animation_interruptable><landscape_splash_image>16=splashlandscape.png</landscape_splash_image><landscape_splash_video></landscape_splash_video><launchMode>Both</launchMode><portrait_animationDuration>10</portrait_animationDuration><portrait_splash_image>0=splash.png,8=splash.9.png,16=splashtab.png,18=splashtab.png,43=splashtab.png,31=splashtab.png,32=splashtab.png,45=splashtab.png</portrait_splash_image><portrait_splash_video></portrait_splash_video><potrait_animation_interruptable>false</potrait_animation_interruptable></splashData>